{
  "name": "iron-overlay-behavior",
  "version": "2.1.0",
  "license": "http://polymer.github.io/LICENSE.txt",
  "description": "Provides a behavior for making an element an overlay",
  "private": true,
  "main": "iron-overlay-behavior.html",
  "keywords": [
    "web-components",
    "polymer",
    "behavior",
    "overlay"
  ],
  "authors": [
    "The Polymer Authors"
  ],
  "repository": {
    "type": "git",
    "url": "git://github.com/PolymerElements/iron-overlay-behavior.git"
  },
  "dependencies": {
    "iron-a11y-keys-behavior": "PolymerElements/iron-a11y-keys-behavior#1 - 2",
    "iron-fit-behavior": "PolymerElements/iron-fit-behavior#1 - 2",
    "iron-resizable-behavior": "PolymerElements/iron-resizable-behavior#1 - 2",
    "polymer": "Polymer/polymer#1.9 - 2"
  },
  "devDependencies": {
    "iron-component-page": "PolymerElements/iron-component-page#1 - 2",
    "iron-demo-helpers": "PolymerElements/iron-demo-helpers#1 - 2",
    "iron-flex-layout": "PolymerElements/iron-flex-layout#1 - 2",
    "iron-test-helpers": "PolymerElements/iron-test-helpers#1 - 2",
    "web-component-tester": "^6.0.0",
    "webcomponentsjs": "webcomponents/webcomponentsjs#^1.0.0"
  },
  "variants": {
    "1.x": {
      "dependencies": {
        "iron-a11y-keys-behavior": "PolymerElements/iron-a11y-keys-behavior#^1.0.0",
        "iron-fit-behavior": "PolymerElements/iron-fit-behavior#^1.0.0",
        "iron-resizable-behavior": "PolymerElements/iron-resizable-behavior#^1.0.0",
        "polymer": "Polymer/polymer#^1.9"
      },
      "devDependencies": {
        "iron-component-page": "PolymerElements/iron-component-page#^1.0.0",
        "iron-demo-helpers": "PolymerElements/iron-demo-helpers#^1.0.0",
        "iron-flex-layout": "PolymerElements/iron-flex-layout#^1.0.0",
        "iron-test-helpers": "PolymerElements/iron-test-helpers#^1.0.0",
        "web-component-tester": "^4.0.0",
        "webcomponentsjs": "webcomponents/webcomponentsjs#^0.7.0"
      },
      "resolutions": {
        "webcomponentsjs": "^0.7"
      }
    }
  },
  "ignore": [],
  "resolutions": {
    "webcomponentsjs": "^1.0.0"
  },
  "homepage": "https://github.com/PolymerElements/iron-overlay-behavior",
  "_release": "2.1.0",
  "_resolution": {
    "type": "version",
    "tag": "v2.1.0",
    "commit": "7ce638b97f7b66357ce7162de847194972e912b8"
  },
  "_source": "git://github.com/PolymerElements/iron-overlay-behavior.git",
  "_target": "1 - 2",
  "_originalSource": "PolymerElements/iron-overlay-behavior"
}