{
  "name": "iron-cookie",
  "version": "2.0.2",
  "homepage": "https://wincinderith.github.io/iron-cookie",
  "authors": [
    "Kevin Boxhoorn <kevinboxhoorn@yahoo.com>"
  ],
  "description": "Polymer element for managing cookies.",
  "main": "iron-cookie.html",
  "license": "GPLv3",
  "ignore": [
    "**/.*",
    "node_modules",
    "bower_components",
    "test",
    "tests"
  ],
  "dependencies": {
    "polymer": "Polymer/polymer#^2.0.0"
  },
  "devDependencies": {
    "iron-component-page": "PolymerElements/iron-component-page#^2.0.0",
    "web-component-tester": "^6.0.0"
  },
  "_release": "2.0.2",
  "_resolution": {
    "type": "version",
    "tag": "v2.0.2",
    "commit": "7b2349904f52d7cfd49d8b0b177c9586694b988d"
  },
  "_source": "https://github.com/wincinderith/iron-cookie.git",
  "_target": "^2.0.2",
  "_originalSource": "wincinderith/iron-cookie",
  "_direct": true
}